Open_Time,Open,High,Low,Close,Volume
2025-02-01 00:00:00,102429.56,102575.06,102213.07,102494.94,538.12176
2025-02-01 01:00:00,102494.94,102780.27,102460.33,102566.0,501.4383
2025-02-01 02:00:00,102566.0,102783.71,102400.0,102467.77,436.03518
2025-02-01 03:00:00,102466.96,102518.42,102198.52,102249.19,334.74761
2025-02-01 04:00:00,102249.19,102503.03,102118.56,102316.16,322.29531
2025-02-01 05:00:00,102316.15,102588.57,102235.29,102500.0,254.68497
2025-02-01 06:00:00,102500.0,102577.12,102184.46,102402.91,231.97083
2025-02-01 07:00:00,102402.91,102494.69,102161.82,102166.49,243.2669
2025-02-01 08:00:00,102166.49,102276.99,101836.43,102016.85,649.65017
2025-02-01 09:00:00,102016.85,102016.85,101412.0,101675.99,638.00804
2025-02-01 10:00:00,101675.99,101984.99,101626.82,101638.0,411.87457
2025-02-01 11:00:00,101638.0,102055.98,101638.0,102028.81,329.61226
2025-02-01 12:00:00,102028.82,102329.01,102009.12,102277.71,449.78635
2025-02-01 13:00:00,102277.71,102284.46,101799.9,101869.02,447.84747
2025-02-01 14:00:00,101869.04,102173.45,101812.0,101827.53,434.28009
2025-02-01 15:00:00,101827.53,102185.94,101730.79,102073.89,372.76128
2025-02-01 16:00:00,102073.89,102209.98,101863.77,101892.32,313.84671
2025-02-01 17:00:00,101892.32,102297.99,101892.32,102262.49,320.90196
2025-02-01 18:00:00,102262.5,102279.52,101965.24,102003.7,211.14828
2025-02-01 19:00:00,102003.7,102023.63,101448.0,101669.6,626.68363
2025-02-01 20:00:00,101669.6,101669.6,101000.0,101333.34,1283.14615
2025-02-01 21:00:00,101333.34,101578.04,101001.0,101199.82,624.44892
2025-02-01 22:00:00,101199.81,101428.0,100510.0,100666.91,1019.70869
2025-02-01 23:00:00,100666.9,100871.45,100279.51,100635.65,1294.69204
2025-02-02 00:00:00,100635.66,101288.51,100500.0,101243.86,625.08919
2025-02-02 01:00:00,101243.86,101456.6,101165.1,101248.38,356.77551
2025-02-02 02:00:00,101248.38,101271.32,100425.0,100452.16,711.44742
2025-02-02 03:00:00,100452.16,100755.93,99148.91,99206.86,2872.03426
2025-02-02 04:00:00,99206.85,99884.0,99031.19,99538.6,1247.36452
2025-02-02 05:00:00,99538.6,100342.69,99500.0,100259.53,714.22872
2025-02-02 06:00:00,100259.53,100515.99,100094.69,100265.15,652.60422
2025-02-02 07:00:00,100265.15,100277.54,99565.6,99643.3,864.58592
2025-02-02 08:00:00,99643.3,100100.0,99315.91,99831.04,917.86988
2025-02-02 09:00:00,99831.05,99864.02,99352.94,99690.78,714.66479
2025-02-02 10:00:00,99690.78,99694.72,99200.0,99417.06,979.95157
2025-02-02 11:00:00,99417.07,99604.0,98645.0,98864.6,1494.73706
2025-02-02 12:00:00,98864.6,99166.19,98157.0,98178.0,1451.82051
2025-02-02 13:00:00,98178.0,98827.18,98160.0,98795.88,1755.25944
2025-02-02 14:00:00,98795.89,99439.05,98705.88,99205.08,1152.42229
2025-02-02 15:00:00,99205.08,99405.74,98720.55,99346.87,905.88368
2025-02-02 16:00:00,99346.87,99361.97,98075.02,98264.0,1453.70445
2025-02-02 17:00:00,98264.01,98580.38,97019.0,97228.85,3212.44953
2025-02-02 18:00:00,97228.86,97931.65,96821.54,97087.92,2847.7315
2025-02-02 19:00:00,97087.92,98700.0,96842.33,98273.16,2181.85188
2025-02-02 20:00:00,98273.17,98628.74,97650.54,97798.0,983.70523
2025-02-02 21:00:00,97798.01,97977.02,96573.47,97020.54,1618.1372
2025-02-02 22:00:00,97020.56,98022.2,96150.0,97994.46,2148.5789
2025-02-02 23:00:00,97994.47,97994.47,96543.1,97700.59,2756.60172
2025-02-03 00:00:00,97700.59,97782.79,95500.0,96511.33,5020.71343
2025-02-03 01:00:00,96511.33,96945.03,92000.0,93435.82,10531.22735
2025-02-03 02:00:00,93436.97,94980.0,91231.0,93566.01,10595.36035
2025-02-03 03:00:00,93566.0,94688.0,93426.49,94038.74,3582.18997
2025-02-03 04:00:00,94038.75,94490.72,92646.36,92786.53,2460.88916
2025-02-03 05:00:00,92786.53,94273.84,92760.8,94216.0,1715.26085
2025-02-03 06:00:00,94215.99,94600.0,93657.33,93911.04,1706.31998
2025-02-03 07:00:00,93911.05,95426.63,93846.32,95333.01,1900.84801
2025-02-03 08:00:00,95333.01,95634.39,94850.85,95340.0,1832.12634
2025-02-03 09:00:00,95339.99,95950.68,95222.03,95277.0,2095.8384
2025-02-03 10:00:00,95277.0,95725.25,94799.29,95702.67,1312.01995
2025-02-03 11:00:00,95702.68,95716.21,94953.6,95107.89,1052.64002
2025-02-03 12:00:00,95107.89,95625.0,94757.22,94764.01,1513.6591
2025-02-03 13:00:00,94764.01,95400.0,94367.92,94664.51,1688.0573
2025-02-03 14:00:00,94664.52,96702.12,94131.14,96589.5,4472.01696
2025-02-03 15:00:00,96589.5,99500.0,96190.47,98842.0,6474.82871
2025-02-03 16:00:00,98842.0,99041.89,98164.0,98543.08,2895.80358
2025-02-03 17:00:00,98543.08,99313.09,98038.58,99206.38,2550.55263
2025-02-03 18:00:00,99206.38,99943.63,98941.17,99816.05,2002.92563
2025-02-03 19:00:00,99816.05,101880.0,99576.02,101880.0,3045.16271
2025-02-03 20:00:00,101879.99,101951.82,100980.0,101083.0,2835.10342
2025-02-03 21:00:00,101081.4,101978.84,100918.0,101802.55,1241.22572
2025-02-03 22:00:00,101802.56,102500.01,101479.14,101695.62,1708.85442
2025-02-03 23:00:00,101695.62,101827.98,101270.49,101328.52,931.11451
2025-02-04 00:00:00,101328.51,101660.94,100985.09,101058.01,998.44302
2025-02-04 01:00:00,101058.01,101732.31,100743.33,101382.68,1233.14083
2025-02-04 02:00:00,101382.69,101435.66,100804.54,100839.99,759.92949
2025-02-04 03:00:00,100839.99,101021.78,100534.03,100629.7,836.28422
2025-02-04 04:00:00,100629.7,100764.11,100009.97,100053.12,1381.80512
2025-02-04 05:00:00,100053.11,100094.09,98229.82,98865.99,3289.06115
2025-02-04 06:00:00,98866.0,99673.6,98838.28,99367.58,1435.3911
2025-02-04 07:00:00,99367.58,99473.85,98316.27,98448.02,1388.95315
2025-02-04 08:00:00,98448.01,98730.8,97860.0,98304.34,1752.20972
2025-02-04 09:00:00,98304.35,98809.18,98271.73,98338.23,985.16981
2025-02-04 10:00:00,98338.23,98976.96,98338.22,98779.91,824.21046
2025-02-04 11:00:00,98779.91,99445.17,98742.47,98967.7,977.64392
2025-02-04 12:00:00,98967.7,99789.0,98967.7,99362.04,1083.80926
2025-02-04 13:00:00,99362.04,99545.35,98958.9,99007.22,1220.15944
2025-02-04 14:00:00,99007.22,100415.0,98561.48,99984.72,3030.76129
2025-02-04 15:00:00,99984.72,100223.38,98275.98,99347.19,3087.63726
2025-02-04 16:00:00,99347.18,99949.5,99028.46,99043.48,1429.42951
2025-02-04 17:00:00,99043.48,99613.25,98829.64,99168.35,1585.36646
2025-02-04 18:00:00,99168.35,99566.66,98778.58,99415.2,900.05624
2025-02-04 19:00:00,99415.2,100777.93,98782.6,98859.77,2703.09828
2025-02-04 20:00:00,98859.78,99444.02,97965.63,98652.18,3369.18259
2025-02-04 21:00:00,98652.18,98673.86,96422.0,96514.47,2950.3372
2025-02-04 22:00:00,96514.47,97967.4,96150.0,97691.2,2046.93005
2025-02-04 23:00:00,97691.2,98224.97,97473.32,97763.13,998.9774
2025-02-05 00:00:00,97763.14,98390.7,97711.7,98274.01,760.72898
2025-02-05 01:00:00,98274.01,98930.44,97662.18,97849.82,1269.69391
2025-02-05 02:00:00,97849.81,98192.0,97131.43,97993.99,1357.7834
2025-02-05 03:00:00,97994.0,98324.16,97771.82,98040.0,651.17813
2025-02-05 04:00:00,98040.01,98332.41,97916.02,98046.0,624.88451
2025-02-05 05:00:00,98045.99,98300.0,97681.53,98138.4,775.46553
2025-02-05 06:00:00,98138.4,98222.0,97559.12,97652.0,913.99827
2025-02-05 07:00:00,97652.0,97984.53,97352.77,97864.43,919.15325
2025-02-05 08:00:00,97864.43,98038.0,97572.0,97634.24,516.01346
2025-02-05 09:00:00,97634.25,97970.61,97257.05,97405.61,787.76544
2025-02-05 10:00:00,97405.61,98040.71,97348.3,97734.96,916.77973
2025-02-05 11:00:00,97734.97,98256.0,97708.0,98198.0,908.03831
2025-02-05 12:00:00,98198.0,98710.38,97992.0,98057.61,1291.30146
2025-02-05 13:00:00,98057.62,98683.82,97941.6,98570.01,801.11162
2025-02-05 14:00:00,98570.0,99149.0,98121.81,98292.27,1394.10911
2025-02-05 15:00:00,98292.27,98550.0,97734.69,98116.24,1705.48267
2025-02-05 16:00:00,98116.24,98277.02,97326.99,97974.01,1327.04092
2025-02-05 17:00:00,97974.01,98256.36,97349.98,97550.74,1048.82805
2025-02-05 18:00:00,97550.12,97700.0,96517.22,96723.66,1407.67838
2025-02-05 19:00:00,96723.66,97519.54,96500.0,97370.0,1038.45413
2025-02-05 20:00:00,97370.0,97706.37,96870.39,97323.39,1258.92036
2025-02-05 21:00:00,97323.4,97532.61,96769.23,96904.11,1234.05224
2025-02-05 22:00:00,96904.11,97047.89,96241.12,96445.63,2445.99875
2025-02-05 23:00:00,96445.64,96853.57,96155.0,96612.43,878.84383
2025-02-06 00:00:00,96612.44,96999.26,96430.78,96826.96,983.4744
2025-02-06 01:00:00,96826.97,97218.84,96639.65,97159.68,631.64258
2025-02-06 02:00:00,97159.69,97458.02,97103.47,97364.08,505.10172
2025-02-06 03:00:00,97364.09,97493.07,97073.36,97355.67,431.93324
2025-02-06 04:00:00,97355.66,97860.85,97273.71,97617.01,450.85205
2025-02-06 05:00:00,97617.02,97885.99,97600.0,97831.47,382.19163
2025-02-06 06:00:00,97831.47,98436.61,97704.0,98386.89,681.94765
2025-02-06 07:00:00,98386.9,98386.9,98012.73,98195.61,560.4693
2025-02-06 08:00:00,98195.6,98321.84,97910.01,98128.43,415.07048
2025-02-06 09:00:00,98128.42,98725.16,98110.7,98614.41,732.24998
2025-02-06 10:00:00,98614.4,99040.0,98614.4,99013.3,796.00614
2025-02-06 11:00:00,99013.3,99120.0,98405.0,98877.99,786.10715
2025-02-06 12:00:00,98877.99,99040.09,98283.45,98346.09,860.66993
2025-02-06 13:00:00,98346.09,98783.4,98166.7,98604.5,908.47146
2025-02-06 14:00:00,98604.5,98924.09,97795.76,97835.98,1875.16497
2025-02-06 15:00:00,97835.98,98064.34,96930.17,97333.09,2557.26573
2025-02-06 16:00:00,97333.09,97547.71,96400.0,96586.96,1720.11273
2025-02-06 17:00:00,96586.96,97188.16,96340.81,96715.35,1010.11114
2025-02-06 18:00:00,96715.35,96837.19,95888.0,96316.84,1582.11331
2025-02-06 19:00:00,96316.83,96945.85,95676.64,95983.0,1722.2224
2025-02-06 20:00:00,95982.99,97093.5,95800.0,96926.63,1109.34467
2025-02-06 21:00:00,96926.63,96944.16,96093.35,96807.43,1623.48129
2025-02-06 22:00:00,96807.43,96959.99,96154.7,96959.99,682.05363
2025-02-06 23:00:00,96959.99,96959.99,96202.98,96554.35,507.14647
2025-02-07 00:00:00,96554.35,96928.0,96409.65,96507.75,899.43427
2025-02-07 01:00:00,96507.76,97805.6,96505.33,97404.01,938.87169
2025-02-07 02:00:00,97404.01,97621.59,97047.59,97575.85,921.02017
2025-02-07 03:00:00,97575.86,97772.0,97250.0,97444.04,397.34967
2025-02-07 04:00:00,97444.04,97883.12,97383.63,97434.79,358.25754
2025-02-07 05:00:00,97434.79,97543.42,97142.13,97338.2,422.13585
2025-02-07 06:00:00,97338.2,97362.53,96566.0,96746.87,944.72455
2025-02-07 07:00:00,96746.87,97213.54,96645.45,96757.05,748.38174
2025-02-07 08:00:00,96757.04,97258.76,96613.24,97021.47,723.04148
2025-02-07 09:00:00,97021.47,97388.0,97021.47,97295.23,557.76092
2025-02-07 10:00:00,97295.24,97486.05,97248.22,97261.51,390.17165
2025-02-07 11:00:00,97261.52,97750.0,97261.51,97750.0,552.5783
2025-02-07 12:00:00,97749.99,98085.85,97500.0,97963.58,865.98738
2025-02-07 13:00:00,97963.58,98862.38,97165.51,98828.01,2502.91288
2025-02-07 14:00:00,98828.01,100137.99,98688.0,99710.92,3730.7619
2025-02-07 15:00:00,99710.91,99710.91,97616.27,98283.98,5294.68336
2025-02-07 16:00:00,98283.98,98563.55,97638.29,97827.66,2962.02555
2025-02-07 17:00:00,97827.67,98166.67,97145.81,97434.78,1557.74255
2025-02-07 18:00:00,97434.79,98353.1,97300.01,97751.99,932.0568
2025-02-07 19:00:00,97752.0,97831.99,96856.78,96898.56,1307.40157
2025-02-07 20:00:00,96898.56,96944.1,95620.34,95764.31,2130.34759
2025-02-07 21:00:00,95764.3,96174.79,95693.75,96011.42,1332.88857
2025-02-07 22:00:00,96011.43,96100.86,95632.23,96062.76,682.10739
2025-02-07 23:00:00,96062.77,96518.16,95866.8,96506.8,641.57728
2025-02-08 00:00:00,96506.8,96851.48,96335.42,96650.14,562.29789
2025-02-08 01:00:00,96650.15,96789.57,96395.12,96509.2,689.1936
2025-02-08 02:00:00,96509.2,96818.33,96399.12,96751.01,455.4044
2025-02-08 03:00:00,96751.02,96880.0,96542.02,96699.23,299.48534
2025-02-08 04:00:00,96699.24,96699.24,96222.0,96300.01,418.74542
2025-02-08 05:00:00,96300.01,96369.45,96064.61,96211.08,426.23813
2025-02-08 06:00:00,96211.08,96224.0,95853.9,95994.55,417.2699
2025-02-08 07:00:00,95994.56,96318.8,95785.09,96209.92,527.23259
2025-02-08 08:00:00,96209.92,96293.48,95879.69,95893.84,419.39566
2025-02-08 09:00:00,95893.84,96201.86,95893.83,96163.05,224.77228
2025-02-08 10:00:00,96163.05,96289.0,96010.52,96050.64,268.26864
2025-02-08 11:00:00,96050.63,96120.66,95865.71,96120.0,251.58047
2025-02-08 12:00:00,96120.0,96270.28,95864.93,96059.24,539.02009
2025-02-08 13:00:00,96059.25,96517.52,96011.58,96246.7,669.24464
2025-02-08 14:00:00,96246.69,96376.6,95950.22,96091.34,722.9844
2025-02-08 15:00:00,96091.34,96200.04,95688.0,95843.74,568.28343
2025-02-08 16:00:00,95843.74,96132.08,95749.88,96132.07,404.70549
2025-02-08 17:00:00,96132.07,96391.03,96132.07,96377.71,498.44753
2025-02-08 18:00:00,96377.71,96526.59,96235.23,96512.0,353.52885
2025-02-08 19:00:00,96512.0,96750.0,96399.27,96579.99,279.95367
2025-02-08 20:00:00,96579.99,96638.89,96358.5,96455.92,264.21148
2025-02-08 21:00:00,96455.92,96600.0,96360.0,96527.36,224.76729
2025-02-08 22:00:00,96527.37,96712.0,96388.88,96473.9,286.0633
2025-02-08 23:00:00,96473.91,96687.02,96430.43,96444.74,376.14845
2025-02-09 00:00:00,96444.75,96584.91,96360.14,96568.0,346.91772
2025-02-09 01:00:00,96568.01,96992.37,96484.0,96992.36,532.69426
2025-02-09 02:00:00,96992.36,97042.59,96687.81,96727.31,434.3291
2025-02-09 03:00:00,96727.32,97300.0,96690.31,97300.0,750.43192
2025-02-09 04:00:00,97299.99,97323.09,96964.14,97220.59,401.46362
2025-02-09 05:00:00,97220.58,97227.39,97000.0,97029.28,222.88816
2025-02-09 06:00:00,97029.28,97068.04,96777.77,97005.89,288.625
2025-02-09 07:00:00,97005.89,97127.94,96932.88,97057.83,217.20888
2025-02-09 08:00:00,97057.83,97294.46,97055.55,97086.0,333.14767
2025-02-09 09:00:00,97086.0,97086.0,96898.05,96924.53,428.91316
2025-02-09 10:00:00,96924.53,96924.53,96656.79,96762.01,525.83504
2025-02-09 11:00:00,96762.01,97020.0,96509.96,96554.01,522.89259
2025-02-09 12:00:00,96554.01,96703.99,96314.3,96535.26,612.90916
2025-02-09 13:00:00,96535.27,96544.63,95800.01,95877.92,1129.4271
2025-02-09 14:00:00,95877.93,96305.3,95700.0,96127.73,847.92385
2025-02-09 15:00:00,96127.51,96653.06,96109.93,96488.15,625.59676
2025-02-09 16:00:00,96488.14,96545.65,96326.96,96442.16,413.88468
2025-02-09 17:00:00,96442.16,96567.8,95900.0,96171.17,549.43351
2025-02-09 18:00:00,96171.18,96281.45,95982.0,96212.0,248.89382
2025-02-09 19:00:00,96212.0,96273.63,95888.88,96064.74,292.10619
2025-02-09 20:00:00,96064.73,96760.0,96048.81,96322.24,385.93272
2025-02-09 21:00:00,96322.23,96331.81,94713.0,95173.78,2070.22704
2025-02-09 22:00:00,95173.79,96464.77,94779.19,95831.64,1356.05815
2025-02-09 23:00:00,95830.19,96572.85,95722.22,96462.75,583.17603
2025-02-10 00:00:00,96462.75,97131.47,96452.09,96717.98,855.85027
2025-02-10 01:00:00,96717.99,96833.34,95256.0,95576.0,1127.48293
2025-02-10 02:00:00,95576.0,96070.36,95419.47,95798.82,1042.27393
2025-02-10 03:00:00,95798.83,97098.35,95762.0,96814.98,1416.36294
2025-02-10 04:00:00,96814.97,97170.0,96632.81,96935.46,632.94413
2025-02-10 05:00:00,96935.46,97640.02,96764.75,97015.26,1519.5341
2025-02-10 06:00:00,97015.26,97219.99,96800.0,97142.43,808.23303
2025-02-10 07:00:00,97142.43,97482.87,97108.88,97429.83,755.46407
2025-02-10 08:00:00,97429.83,97899.99,97358.79,97683.99,1238.61637
2025-02-10 09:00:00,97684.0,97880.33,97451.73,97664.78,659.22257
2025-02-10 10:00:00,97664.77,97954.69,97589.94,97728.29,1021.79544
2025-02-10 11:00:00,97728.29,97899.0,97599.88,97661.16,600.83887
2025-02-10 12:00:00,97661.15,97788.24,97180.55,97358.58,592.57733
2025-02-10 13:00:00,97358.59,98345.0,97356.03,98215.72,1115.72278
2025-02-10 14:00:00,98215.71,98312.0,97070.0,97270.64,1686.99088
2025-02-10 15:00:00,97270.65,97566.03,96866.66,97218.69,1141.04586
2025-02-10 16:00:00,97218.68,97380.0,96866.39,97300.75,941.39367
2025-02-10 17:00:00,97300.75,97516.1,96884.01,97500.0,584.3444
2025-02-10 18:00:00,97499.99,97557.02,97186.04,97549.99,749.86472
2025-02-10 19:00:00,97549.98,97643.29,97265.91,97376.0,509.7378
2025-02-10 20:00:00,97376.0,97489.78,97219.46,97331.95,521.01283
2025-02-10 21:00:00,97331.96,97378.57,97128.79,97375.81,562.27809
2025-02-10 22:00:00,97375.8,97490.71,97280.4,97390.26,248.7791
2025-02-10 23:00:00,97390.26,97449.06,97240.0,97430.82,240.50926
2025-02-11 00:00:00,97430.82,98149.92,97416.62,97783.12,680.58059
2025-02-11 01:00:00,97783.12,98100.0,97783.12,97994.23,505.79967
2025-02-11 02:00:00,97994.24,98098.0,97464.67,97764.0,533.86507
2025-02-11 03:00:00,97764.0,97766.88,97480.16,97607.3,304.67644
2025-02-11 04:00:00,97607.31,98193.74,97558.99,98064.93,495.2089
2025-02-11 05:00:00,98064.93,98478.42,98008.0,98412.24,896.14152
2025-02-11 06:00:00,98412.24,98476.0,98135.67,98424.33,555.33406
2025-02-11 07:00:00,98424.32,98464.03,98258.46,98268.97,639.99685
2025-02-11 08:00:00,98268.98,98330.0,98109.29,98223.79,470.44777
2025-02-11 09:00:00,98223.79,98300.05,97913.8,97999.99,446.3896
2025-02-11 10:00:00,97999.99,98132.71,97885.62,97961.25,484.84762
2025-02-11 11:00:00,97961.24,98232.91,97894.38,98151.52,302.01527
2025-02-11 12:00:00,98151.51,98158.89,97680.49,97766.13,550.95842
2025-02-11 13:00:00,97766.13,97850.0,96670.0,96799.53,1309.339
2025-02-11 14:00:00,96799.53,97321.73,96595.33,96962.03,1274.66509
2025-02-11 15:00:00,96962.04,97262.56,96631.38,97007.53,1110.13994
2025-02-11 16:00:00,97007.54,97045.53,96303.0,96365.05,1198.98433
2025-02-11 17:00:00,96365.04,96395.28,95950.0,96165.29,1067.4528
2025-02-11 18:00:00,96165.29,96165.29,95409.92,95469.28,1234.84113
2025-02-11 19:00:00,95469.28,95658.24,94876.88,95040.82,1383.45885
2025-02-11 20:00:00,95040.81,95439.27,94928.47,95305.0,911.18485
2025-02-11 21:00:00,95305.01,96449.26,95256.8,96390.23,916.87274
2025-02-11 22:00:00,96390.22,96512.7,95353.64,95580.23,843.5575
2025-02-11 23:00:00,95580.24,95966.65,95490.05,95778.2,531.00578
2025-02-12 00:00:00,95778.21,96120.0,95672.56,96060.0,576.62562
2025-02-12 01:00:00,96060.0,96263.99,95817.69,96207.32,373.26635
2025-02-12 02:00:00,96207.33,96214.7,95384.61,95579.14,657.69595
2025-02-12 03:00:00,95579.13,95762.67,95100.0,95299.27,799.73342
2025-02-12 04:00:00,95299.28,95611.12,95267.71,95556.98,551.85072
2025-02-12 05:00:00,95556.99,95933.3,95514.6,95886.54,318.13104
2025-02-12 06:00:00,95886.54,95952.09,95684.0,95817.87,353.46652
2025-02-12 07:00:00,95817.87,96188.68,95793.11,96069.58,716.35723
2025-02-12 08:00:00,96069.58,96469.78,96047.73,96358.46,480.8395
2025-02-12 09:00:00,96358.46,96377.36,96014.69,96129.28,981.15914
2025-02-12 10:00:00,96129.28,96196.0,95913.49,95978.01,397.44155
2025-02-12 11:00:00,95978.0,96377.32,95978.0,96094.65,437.01756
2025-02-12 12:00:00,96094.65,96350.0,95944.44,95982.97,471.65116
2025-02-12 13:00:00,95982.97,96631.66,94088.23,94975.38,6201.22653
2025-02-12 14:00:00,94975.37,95685.9,94500.0,95628.91,2815.25179
2025-02-12 15:00:00,95628.92,95999.65,94708.17,95816.18,2317.41055
2025-02-12 16:00:00,95816.18,97094.34,95120.3,96986.14,2240.81919
2025-02-12 17:00:00,96986.14,97700.0,96769.23,97354.89,2542.31272
2025-02-12 18:00:00,97354.88,97450.0,96625.0,96921.43,1188.43319
2025-02-12 19:00:00,96921.42,97278.16,96353.47,97205.06,717.99366
2025-02-12 20:00:00,97205.06,97623.48,96931.89,97025.24,938.18608
2025-02-12 21:00:00,97026.53,97908.99,96854.97,97646.5,1037.19237
2025-02-12 22:00:00,97646.51,98119.99,97416.4,97806.57,1180.16505
2025-02-12 23:00:00,97806.57,98000.01,97579.31,97869.99,856.93936
2025-02-13 00:00:00,97870.0,97870.0,97534.07,97818.91,621.42152
2025-02-13 01:00:00,97818.91,98083.91,97743.57,97986.19,683.24154
2025-02-13 02:00:00,97986.18,97986.19,97367.45,97473.66,446.21833
2025-02-13 03:00:00,97473.67,97631.03,97430.0,97498.42,376.45603
2025-02-13 04:00:00,97498.43,97564.83,96767.28,96927.46,711.63196
2025-02-13 05:00:00,96927.46,96929.67,96503.38,96666.38,746.30255
2025-02-13 06:00:00,96666.37,96757.5,95800.0,96056.72,1088.55194
2025-02-13 07:00:00,96056.72,96231.67,95901.0,96070.23,837.45143
2025-02-13 08:00:00,96070.23,96175.34,95649.85,95943.62,1211.55455
2025-02-13 09:00:00,95943.62,96297.76,95786.2,96262.25,640.54269
2025-02-13 10:00:00,96262.24,96336.0,96103.14,96155.86,421.26729
2025-02-13 11:00:00,96155.87,96288.74,95599.57,95925.11,881.28275
2025-02-13 12:00:00,95925.12,96069.81,95707.02,95820.28,779.42863
2025-02-13 13:00:00,95820.29,96301.59,95636.79,96074.66,1318.76591
2025-02-13 14:00:00,96074.67,96104.49,95336.0,95857.03,1756.05228
2025-02-13 15:00:00,95857.03,96480.06,95519.99,95998.0,1574.35787
2025-02-13 16:00:00,95998.0,96002.24,95217.36,95359.22,1167.8864
2025-02-13 17:00:00,95359.22,96023.58,95287.0,95692.09,825.45363
2025-02-13 18:00:00,95692.08,95981.2,95320.75,95964.01,845.96591
2025-02-13 19:00:00,95964.01,96361.58,95561.46,95627.76,850.3715
2025-02-13 20:00:00,95627.75,96291.95,95600.0,96264.52,680.56341
2025-02-13 21:00:00,96264.52,96774.71,96253.33,96488.0,718.62221
2025-02-13 22:00:00,96487.99,96600.0,96265.16,96411.4,330.24155
2025-02-13 23:00:00,96411.4,96630.0,96312.51,96608.14,408.14428
2025-02-14 00:00:00,96608.13,96965.51,96531.36,96750.83,427.84311
2025-02-14 01:00:00,96750.83,96884.62,96356.41,96529.27,463.70552
2025-02-14 02:00:00,96529.28,96835.3,96441.27,96528.47,459.07477
2025-02-14 03:00:00,96528.47,97190.0,96527.71,97129.98,455.1713
2025-02-14 04:00:00,97129.98,97248.6,96750.0,96750.0,434.86356
2025-02-14 05:00:00,96750.01,96908.16,96561.36,96683.29,432.68245
2025-02-14 06:00:00,96683.3,96857.18,96611.11,96834.29,489.84611
2025-02-14 07:00:00,96834.3,97075.33,96806.51,96944.09,425.14091
2025-02-14 08:00:00,96944.09,97025.56,96799.99,96871.97,344.28951
2025-02-14 09:00:00,96871.96,97153.5,96831.0,97108.31,553.35115
2025-02-14 10:00:00,97108.31,97196.0,96962.26,97017.4,460.85165
2025-02-14 11:00:00,97017.41,97143.2,96800.0,96887.56,399.89281
2025-02-14 12:00:00,96887.55,96887.56,96516.2,96652.58,342.62053
2025-02-14 13:00:00,96652.58,96980.0,96450.34,96786.68,601.84618
2025-02-14 14:00:00,96786.68,97568.28,96572.0,97290.95,1394.19724
2025-02-14 15:00:00,97290.95,97409.3,96252.82,96924.39,1660.70388
2025-02-14 16:00:00,96924.57,97700.0,96494.17,97658.7,994.97707
2025-02-14 17:00:00,97658.7,98826.0,97142.0,98526.0,2618.644
2025-02-14 18:00:00,98525.99,98738.57,98166.66,98192.84,1370.44479
2025-02-14 19:00:00,98192.84,98450.0,97656.0,97940.45,1025.49335
2025-02-14 20:00:00,97940.44,98264.85,97003.28,97196.09,1052.02168
2025-02-14 21:00:00,97196.1,97492.69,96697.56,97456.79,1072.77905
2025-02-14 22:00:00,97456.78,97538.11,96922.23,97134.59,435.45827
2025-02-14 23:00:00,97134.6,97519.99,96995.41,97500.48,257.12757
2025-02-15 00:00:00,97500.47,97516.2,97223.58,97470.88,490.01632
2025-02-15 01:00:00,97470.87,97833.42,97436.93,97804.24,352.00246
2025-02-15 02:00:00,97804.24,97918.53,97625.3,97839.04,362.11893
2025-02-15 03:00:00,97839.05,97972.26,97642.16,97653.19,302.29454
2025-02-15 04:00:00,97653.19,97780.73,97482.21,97527.63,358.46801
2025-02-15 05:00:00,97527.64,97640.97,97450.01,97611.17,221.13608
2025-02-15 06:00:00,97611.18,97664.06,97439.04,97488.61,210.60577
2025-02-15 07:00:00,97488.62,97526.54,97345.5,97346.26,239.22
2025-02-15 08:00:00,97346.27,97544.0,97301.77,97505.51,208.69423
2025-02-15 09:00:00,97505.51,97606.8,97441.49,97562.55,224.44139
2025-02-15 10:00:00,97562.56,97731.09,97458.0,97653.95,204.41389
2025-02-15 11:00:00,97653.94,97669.83,97472.75,97615.59,236.62887
2025-02-15 12:00:00,97615.59,97833.42,97531.52,97753.82,316.93458
2025-02-15 13:00:00,97753.81,97962.51,97677.28,97716.89,706.14764
2025-02-15 14:00:00,97716.89,97756.0,97426.57,97593.61,673.38862
2025-02-15 15:00:00,97593.62,97722.22,97548.23,97633.22,312.88733
2025-02-15 16:00:00,97633.21,97714.39,97455.48,97535.39,278.61059
2025-02-15 17:00:00,97535.39,97584.84,97304.38,97410.28,331.547
2025-02-15 18:00:00,97410.29,97584.91,97368.82,97540.79,178.74962
2025-02-15 19:00:00,97540.8,97650.0,97509.61,97531.9,132.93067
2025-02-15 20:00:00,97531.91,97641.78,97414.05,97539.4,186.07288
2025-02-15 21:00:00,97539.4,97691.47,97539.39,97684.23,178.14951
2025-02-15 22:00:00,97684.23,97741.35,97432.5,97545.76,290.27263
2025-02-15 23:00:00,97545.77,97634.22,97426.56,97569.66,353.64527
2025-02-16 00:00:00,97569.67,97704.47,97554.65,97594.57,146.65876
2025-02-16 01:00:00,97594.58,97660.38,97538.87,97643.0,128.32038
2025-02-16 02:00:00,97643.01,97653.3,97469.29,97524.87,306.89676
2025-02-16 03:00:00,97524.87,97547.17,97411.11,97547.17,353.50903
2025-02-16 04:00:00,97547.17,97583.49,97472.04,97530.81,212.15882
2025-02-16 05:00:00,97530.81,97682.04,97485.94,97603.3,142.8144
2025-02-16 06:00:00,97603.3,97625.63,97451.99,97487.26,175.63311
2025-02-16 07:00:00,97487.27,97487.27,97212.0,97248.98,215.8207
2025-02-16 08:00:00,97248.98,97331.42,97131.06,97163.86,297.81595
2025-02-16 09:00:00,97163.87,97365.74,97061.58,97365.74,271.70559
2025-02-16 10:00:00,97365.73,97388.89,97166.66,97180.98,225.84623
2025-02-16 11:00:00,97180.98,97336.03,97152.0,97336.0,391.60188
2025-02-16 12:00:00,97335.99,97336.0,97096.0,97125.63,349.35885
2025-02-16 13:00:00,97125.64,97212.43,96788.21,96842.37,697.9005
2025-02-16 14:00:00,96842.37,97029.9,96645.35,96969.58,530.02677
2025-02-16 15:00:00,96969.58,97092.35,96911.0,96911.01,305.78814
2025-02-16 16:00:00,96911.01,97115.0,96880.0,97052.64,239.19143
2025-02-16 17:00:00,97052.64,97169.15,96931.06,96982.95,229.87909
2025-02-16 18:00:00,96982.94,97000.0,96609.05,96872.59,410.32977
2025-02-16 19:00:00,96872.58,97108.18,96763.11,97058.47,308.17023
2025-02-16 20:00:00,97058.47,97160.74,96861.38,96909.54,304.09755
2025-02-16 21:00:00,96909.55,97282.38,96852.01,97165.09,315.91771
2025-02-16 22:00:00,97165.1,97187.18,96570.47,96865.79,334.51883
2025-02-16 23:00:00,96865.79,96884.89,96046.18,96118.12,1297.46442
2025-02-17 00:00:00,96118.12,96443.5,96023.17,96319.22,559.72483
2025-02-17 01:00:00,96319.22,96533.52,96060.5,96508.63,408.53426
2025-02-17 02:00:00,96508.63,96638.05,96156.55,96228.98,411.70054
2025-02-17 03:00:00,96228.97,96280.0,96032.99,96215.33,486.61263
2025-02-17 04:00:00,96215.32,96259.84,96013.0,96026.01,488.42242
2025-02-17 05:00:00,96026.01,96328.14,95800.0,96242.66,913.03802
2025-02-17 06:00:00,96242.67,96445.45,96208.0,96376.77,512.87016
2025-02-17 07:00:00,96376.78,96463.2,95900.94,96068.22,811.65071
2025-02-17 08:00:00,96068.21,96298.72,95937.05,96144.03,549.74974
2025-02-17 09:00:00,96144.03,96318.62,96076.92,96166.26,367.32057
2025-02-17 10:00:00,96166.26,96395.68,96050.0,96106.17,523.65421
2025-02-17 11:00:00,96106.18,96300.0,95990.0,96063.18,841.85531
2025-02-17 12:00:00,96063.17,96510.66,96059.4,96457.76,726.17384
2025-02-17 13:00:00,96457.75,96482.35,96253.9,96411.95,372.70067
2025-02-17 14:00:00,96411.96,97046.59,96400.0,96799.99,1627.34188
2025-02-17 15:00:00,96800.0,96898.9,95564.0,95659.46,1708.38819
2025-02-17 16:00:00,95659.45,95945.49,95303.21,95334.75,1651.9945
2025-02-17 17:00:00,95334.75,95725.0,95288.0,95479.78,718.30989
2025-02-17 18:00:00,95479.78,95770.86,95249.74,95340.83,628.41742
2025-02-17 19:00:00,95340.83,95596.24,95205.0,95531.36,483.41093
2025-02-17 20:00:00,95531.36,96267.45,95488.9,95971.36,569.50858
2025-02-17 21:00:00,95971.35,96413.43,95917.51,96409.33,465.72247
2025-02-17 22:00:00,96409.33,96413.43,95829.63,95875.48,351.44277
2025-02-17 23:00:00,95875.48,96009.11,95673.02,95780.0,313.50056
2025-02-18 00:00:00,95780.01,96058.62,95538.01,95637.93,519.6069
2025-02-18 01:00:00,95637.93,96300.0,95606.46,96266.24,463.7552
2025-02-18 02:00:00,96266.24,96322.97,96015.0,96064.47,338.79648
2025-02-18 03:00:00,96064.47,96290.0,96000.0,96200.0,280.18512
2025-02-18 04:00:00,96200.0,96300.73,95968.1,96070.81,359.46021
2025-02-18 05:00:00,96070.81,96110.63,95539.14,95609.49,605.16098
2025-02-18 06:00:00,95609.5,95641.79,95254.12,95382.75,1410.87424
2025-02-18 07:00:00,95382.74,95713.19,95298.06,95456.93,800.99003
2025-02-18 08:00:00,95456.92,95582.11,95050.0,95238.89,971.76662
2025-02-18 09:00:00,95238.89,95780.5,95149.04,95775.95,719.87581
2025-02-18 10:00:00,95775.94,95872.17,95634.05,95742.5,370.88341
2025-02-18 11:00:00,95742.5,95782.1,95566.84,95640.34,420.65539
2025-02-18 12:00:00,95640.35,96281.05,95600.17,96194.0,733.80088
2025-02-18 13:00:00,96194.0,96482.91,96107.77,96230.0,963.65132
2025-02-18 14:00:00,96230.0,96753.91,95375.12,95536.83,1540.36172
2025-02-18 15:00:00,95536.83,95730.77,95200.0,95546.48,1236.23066
2025-02-18 16:00:00,95546.49,95633.15,94617.45,94639.98,2070.63374
2025-02-18 17:00:00,94639.98,94878.74,94102.15,94102.16,1522.90388
2025-02-18 18:00:00,94102.16,94350.87,93600.0,93924.03,1837.49675
2025-02-18 19:00:00,93924.03,94403.88,93388.09,94104.14,1415.12054
2025-02-18 20:00:00,94104.15,94458.4,93730.72,94196.02,1086.1389
2025-02-18 21:00:00,94196.77,95351.4,94118.8,95065.46,1602.56826
2025-02-18 22:00:00,95065.46,95534.25,94855.67,95304.43,1040.64682
2025-02-18 23:00:00,95304.42,95685.0,95257.15,95671.74,1056.63085
2025-02-19 00:00:00,95671.74,95849.06,95279.94,95330.15,904.11812
2025-02-19 01:00:00,95330.15,95480.0,95055.0,95479.99,488.98003
2025-02-19 02:00:00,95480.0,95961.54,95458.03,95831.76,399.44242
2025-02-19 03:00:00,95831.76,95837.82,95565.57,95710.26,366.0876
2025-02-19 04:00:00,95710.25,95768.95,95213.85,95213.85,432.62013
2025-02-19 05:00:00,95213.84,95340.05,95029.99,95289.33,2130.11933
2025-02-19 06:00:00,95289.34,95652.0,95249.65,95616.31,436.36604
2025-02-19 07:00:00,95616.31,95846.15,95588.0,95687.71,442.08407
2025-02-19 08:00:00,95687.71,95866.0,95616.6,95629.99,345.76152
2025-02-19 09:00:00,95629.99,96024.25,95629.7,95937.4,642.82945
2025-02-19 10:00:00,95937.4,96468.99,95937.39,96330.32,966.08574
2025-02-19 11:00:00,96330.31,96423.08,96205.4,96422.6,457.23042
2025-02-19 12:00:00,96422.6,96495.0,96138.4,96166.44,530.93187
2025-02-19 13:00:00,96166.45,96481.6,96166.44,96277.54,657.8754
2025-02-19 14:00:00,96277.54,96700.0,95692.0,95766.33,1149.7346
2025-02-19 15:00:00,95766.33,96405.45,95536.36,95943.74,1211.59966
2025-02-19 16:00:00,95943.74,96375.39,95930.54,96300.0,731.71551
2025-02-19 17:00:00,96300.0,96480.0,96122.0,96389.57,505.12119
2025-02-19 18:00:00,96389.57,96414.72,95640.03,95670.54,605.05322
2025-02-19 19:00:00,95670.53,96242.8,95407.41,96206.54,921.93012
2025-02-19 20:00:00,96206.54,96479.99,96101.89,96180.72,801.2595
2025-02-19 21:00:00,96180.72,96490.37,96058.38,96315.64,436.6839
2025-02-19 22:00:00,96315.65,96621.86,96305.35,96539.85,330.61374
2025-02-19 23:00:00,96539.84,96899.99,96522.55,96644.37,544.26596
2025-02-20 00:00:00,96644.37,96853.99,96415.09,96853.98,361.82303
2025-02-20 01:00:00,96853.98,97000.0,96627.09,96767.67,564.83079
2025-02-20 02:00:00,96767.67,97275.54,96739.48,97134.52,975.14038
2025-02-20 03:00:00,97134.52,97362.83,96979.29,97055.25,821.46063
2025-02-20 04:00:00,97055.24,97339.11,97034.59,97224.46,848.42996
2025-02-20 05:00:00,97224.46,97224.46,96891.47,96909.99,667.47648
2025-02-20 06:00:00,96909.99,96999.3,96781.57,96907.99,494.4039
2025-02-20 07:00:00,96908.0,97088.87,96804.0,96867.92,330.86128
2025-02-20 08:00:00,96867.92,97197.74,96801.61,97150.01,395.65532
2025-02-20 09:00:00,97150.01,97284.0,97150.0,97184.63,437.65289
2025-02-20 10:00:00,97184.63,97374.0,97095.75,97373.98,380.16934
2025-02-20 11:00:00,97373.98,97384.03,97156.19,97207.92,376.29918
2025-02-20 12:00:00,97207.93,97549.88,97207.92,97428.36,625.06274
2025-02-20 13:00:00,97428.37,97566.26,97268.51,97562.19,579.18384
2025-02-20 14:00:00,97562.2,98062.15,96877.51,96966.91,1978.87773
2025-02-20 15:00:00,96966.92,97326.07,96799.42,96903.77,1218.04897
2025-02-20 16:00:00,96903.76,97968.0,96888.0,97550.73,1157.08865
2025-02-20 17:00:00,97550.73,97999.99,97541.4,97954.95,675.22698
2025-02-20 18:00:00,97954.95,98436.0,97943.34,98295.08,1292.67668
2025-02-20 19:00:00,98295.09,98518.0,98241.99,98422.8,694.65442
2025-02-20 20:00:00,98422.8,98711.36,98313.73,98453.61,835.26935
2025-02-20 21:00:00,98453.61,98498.43,98000.0,98089.46,623.55744
2025-02-20 22:00:00,98089.45,98371.66,98062.08,98134.95,336.52181
2025-02-20 23:00:00,98134.95,98510.89,98115.0,98305.0,387.01998
2025-02-21 00:00:00,98305.01,98505.0,98084.06,98236.32,519.87416
2025-02-21 01:00:00,98236.32,98350.0,98113.2,98312.0,439.00436
2025-02-21 02:00:00,98312.0,98373.72,98111.11,98111.12,663.00593
2025-02-21 03:00:00,98111.13,98298.26,98085.15,98141.99,681.75535
2025-02-21 04:00:00,98141.99,98271.15,98117.73,98204.01,473.82511
2025-02-21 05:00:00,98204.02,98389.31,98156.94,98333.58,529.58796
2025-02-21 06:00:00,98333.59,98421.35,98292.63,98409.99,351.55104
2025-02-21 07:00:00,98410.0,98610.17,98172.0,98179.76,701.51737
2025-02-21 08:00:00,98179.77,98261.91,98150.0,98213.41,369.05095
2025-02-21 09:00:00,98213.41,98896.81,98111.11,98337.7,1333.69974
2025-02-21 10:00:00,98337.7,98679.83,98240.63,98612.0,708.6109
2025-02-21 11:00:00,98612.0,98833.11,98490.57,98629.3,1059.33669
2025-02-21 12:00:00,98629.31,98957.93,98531.29,98904.0,884.67204
2025-02-21 13:00:00,98903.99,99475.0,98800.0,99334.93,1714.51363
2025-02-21 14:00:00,99334.92,99380.17,98345.69,98777.77,1637.06895
2025-02-21 15:00:00,98777.78,99333.34,97177.31,98104.04,4683.56662
2025-02-21 16:00:00,98104.04,98757.0,97709.92,98215.81,2505.67226
2025-02-21 17:00:00,98215.81,98430.58,96832.01,96971.9,2514.76545
2025-02-21 18:00:00,96971.91,97223.4,96515.49,96543.52,1909.78074
2025-02-21 19:00:00,96543.52,96829.0,95247.15,95285.11,2511.89738
2025-02-21 20:00:00,95285.11,95671.9,94871.95,95066.25,3052.23437
2025-02-21 21:00:00,95066.24,95480.0,95006.13,95395.03,1568.74037
2025-02-21 22:00:00,95395.03,95930.6,95245.49,95823.53,839.00621
2025-02-21 23:00:00,95823.53,96202.68,95666.88,96181.98,596.54382
2025-02-22 00:00:00,96181.99,96214.59,95770.49,96185.9,768.4782
2025-02-22 01:00:00,96185.91,96451.15,96123.72,96233.2,648.88943
2025-02-22 02:00:00,96233.2,96455.97,96107.0,96343.22,535.98292
2025-02-22 03:00:00,96343.22,96358.0,96156.53,96299.07,294.62585
2025-02-22 04:00:00,96299.08,96470.59,96273.85,96387.36,379.90865
2025-02-22 05:00:00,96387.36,96530.0,96312.0,96509.83,276.29303
2025-02-22 06:00:00,96509.83,96578.99,96327.12,96395.18,421.81388
2025-02-22 07:00:00,96395.19,96511.93,96288.09,96288.09,316.89443
2025-02-22 08:00:00,96288.09,96348.6,96159.01,96219.8,439.1344
2025-02-22 09:00:00,96219.81,96529.79,96151.0,96493.95,763.6474
2025-02-22 10:00:00,96493.96,96583.7,96437.24,96500.16,488.18431
2025-02-22 11:00:00,96500.17,96611.53,96500.16,96580.0,368.66866
2025-02-22 12:00:00,96580.0,96980.0,96575.0,96823.94,584.35002
2025-02-22 13:00:00,96823.94,96916.83,96523.98,96566.03,506.64162
2025-02-22 14:00:00,96566.04,96716.71,96498.27,96535.9,599.34114
2025-02-22 15:00:00,96535.91,96708.43,96485.37,96592.0,600.52191
2025-02-22 16:00:00,96592.01,96811.03,96455.0,96504.01,677.72506
2025-02-22 17:00:00,96504.01,96685.99,96476.0,96639.38,477.9575
2025-02-22 18:00:00,96639.39,96823.53,96415.09,96449.99,543.0476
2025-02-22 19:00:00,96449.98,96645.0,96345.49,96639.99,607.21529
2025-02-22 20:00:00,96640.0,96645.0,96508.0,96578.01,231.41537
2025-02-22 21:00:00,96578.01,96677.69,96527.2,96658.57,257.60903
2025-02-22 22:00:00,96658.57,96700.0,96603.77,96634.06,206.03183
2025-02-22 23:00:00,96634.06,96658.4,96472.22,96551.01,273.79955
2025-02-23 00:00:00,96551.01,96650.0,96492.0,96643.46,317.52544
2025-02-23 01:00:00,96643.47,96643.47,96355.17,96452.83,372.84935
2025-02-23 02:00:00,96452.83,96500.0,96387.24,96410.27,302.49628
2025-02-23 03:00:00,96410.28,96566.04,96371.95,96414.0,333.76565
2025-02-23 04:00:00,96414.0,96520.0,96377.35,96395.88,214.54975
2025-02-23 05:00:00,96395.88,96406.45,96194.65,96208.62,399.58071
2025-02-23 06:00:00,96208.63,96352.95,96143.99,96342.91,280.52995
2025-02-23 07:00:00,96342.92,96558.01,96298.37,96508.85,350.86348
2025-02-23 08:00:00,96508.85,96508.86,96308.0,96364.32,215.88877
2025-02-23 09:00:00,96364.32,96470.59,96255.61,96286.02,332.26349
2025-02-23 10:00:00,96286.02,96298.87,96083.33,96193.88,346.00256
2025-02-23 11:00:00,96193.89,96245.99,96085.7,96115.99,329.09804
2025-02-23 12:00:00,96115.99,96158.5,95657.05,95732.93,768.22512
2025-02-23 13:00:00,95732.94,95979.65,95721.33,95977.96,628.74852
2025-02-23 14:00:00,95977.96,96049.44,95544.0,95593.89,586.69558
2025-02-23 15:00:00,95593.88,95731.73,95414.25,95436.18,769.27792
2025-02-23 16:00:00,95436.19,95624.31,95420.5,95420.5,621.0661
2025-02-23 17:00:00,95420.51,95750.0,95227.94,95656.78,961.97983
2025-02-23 18:00:00,95656.78,95876.0,95622.65,95740.0,745.89738
2025-02-23 19:00:00,95739.99,95849.12,95702.08,95755.99,317.09421
2025-02-23 20:00:00,95756.0,95811.44,95680.0,95777.7,123.97647
2025-02-23 21:00:00,95777.71,95777.71,95637.45,95755.25,218.63363
2025-02-23 22:00:00,95755.25,95940.83,95522.78,95787.13,515.65844
2025-02-23 23:00:00,95787.14,96332.44,95774.6,96258.0,832.18246
2025-02-24 00:00:00,96258.0,96500.0,96157.42,96247.35,788.41339
2025-02-24 01:00:00,96247.36,96339.63,95763.43,95971.24,552.50951
2025-02-24 02:00:00,95971.25,96200.0,95752.68,95829.35,463.98693
2025-02-24 03:00:00,95829.36,95829.36,95311.0,95433.21,836.49275
2025-02-24 04:00:00,95433.21,95597.02,95078.01,95298.0,1274.4122
2025-02-24 05:00:00,95298.0,95764.99,95240.01,95727.39,692.75876
2025-02-24 06:00:00,95727.39,95896.0,95609.78,95864.31,449.42534
2025-02-24 07:00:00,95864.31,95945.0,95696.0,95872.02,661.05123
2025-02-24 08:00:00,95872.02,95945.0,95375.89,95509.49,891.90784
2025-02-24 09:00:00,95509.5,96177.18,95499.94,95765.76,932.58562
2025-02-24 10:00:00,95765.76,95915.97,95355.0,95631.66,915.45093
2025-02-24 11:00:00,95631.66,95860.0,95411.01,95821.45,544.13545
2025-02-24 12:00:00,95821.45,95946.61,95679.74,95798.46,464.81304
2025-02-24 13:00:00,95798.46,96095.32,95339.35,95594.57,1215.76059
2025-02-24 14:00:00,95594.57,95800.0,94578.0,94674.44,2391.99764
2025-02-24 15:00:00,94674.45,94960.0,93817.06,94323.95,3501.03824
2025-02-24 16:00:00,94323.95,94980.0,94153.72,94434.49,1938.90205
2025-02-24 17:00:00,94434.48,95194.59,94328.01,94644.0,1543.22677
2025-02-24 18:00:00,94644.01,94852.59,94135.13,94161.67,855.28907
2025-02-24 19:00:00,94161.66,94559.05,93666.22,93943.51,1261.38223
2025-02-24 20:00:00,93943.52,94571.43,93830.66,94020.0,1459.16938
2025-02-24 21:00:00,94019.99,94349.22,93618.0,93979.44,918.26069
2025-02-24 22:00:00,93979.45,93996.0,92368.0,92432.06,3526.4709
2025-02-24 23:00:00,92432.07,92871.89,91349.26,91552.88,3470.66244
2025-02-25 00:00:00,91552.88,92162.37,90912.01,91857.29,4144.00066
2025-02-25 01:00:00,91857.3,92401.01,91165.18,92018.41,1991.95503
2025-02-25 02:00:00,92018.41,92536.93,91595.0,92376.68,1485.32454
2025-02-25 03:00:00,92376.68,92540.69,91944.73,92153.93,1125.17194
2025-02-25 04:00:00,92153.93,92327.88,91812.7,91900.01,1293.62476
2025-02-25 05:00:00,91900.01,92111.12,91706.87,92070.34,1240.02979
2025-02-25 06:00:00,92070.35,92128.51,91206.92,91275.99,1819.89948
2025-02-25 07:00:00,91276.0,91441.82,88200.0,89320.01,10387.01114
2025-02-25 08:00:00,89320.01,90000.0,89012.03,89400.53,3990.95851
2025-02-25 09:00:00,89400.54,89598.02,88289.63,88303.73,3167.36352
2025-02-25 10:00:00,88303.74,88905.67,86888.1,88213.77,6720.41889
2025-02-25 11:00:00,88213.76,89358.12,87618.9,89239.39,3806.46431
2025-02-25 12:00:00,89239.39,89531.25,88908.91,89395.98,2746.76537
2025-02-25 13:00:00,89395.99,89544.4,88750.41,88826.11,2049.233
2025-02-25 14:00:00,88826.11,89384.65,87077.0,87157.25,5213.02907
2025-02-25 15:00:00,87157.25,87781.4,86050.99,87231.26,8048.18646
2025-02-25 16:00:00,87231.63,87777.0,86157.69,87460.0,4726.16396
2025-02-25 17:00:00,87459.99,87805.4,86831.52,87259.99,2146.52763
2025-02-25 18:00:00,87259.99,87791.56,86918.41,87070.07,1695.81182
2025-02-25 19:00:00,87070.07,88065.45,86508.76,87947.25,2099.34234
2025-02-25 20:00:00,87947.24,89013.66,87622.64,88161.03,4017.0216
2025-02-25 21:00:00,88161.03,88833.33,87761.9,88821.0,1685.53774
2025-02-25 22:00:00,88821.01,89460.17,88512.34,88807.64,1505.50283
2025-02-25 23:00:00,88807.64,89139.75,88675.14,88680.4,1227.76672
2025-02-26 00:00:00,88680.39,88690.0,88148.48,88150.0,1008.55025
2025-02-26 01:00:00,88150.01,88850.07,88149.98,88705.66,859.07406
2025-02-26 02:00:00,88705.66,89198.23,88434.78,89018.87,797.74749
2025-02-26 03:00:00,89018.86,89414.15,88886.35,88900.0,839.97669
2025-02-26 04:00:00,88900.01,89245.29,88673.11,88693.95,899.05159
2025-02-26 05:00:00,88693.96,88890.0,88392.45,88423.6,988.78032
2025-02-26 06:00:00,88423.59,88940.01,88422.79,88920.18,919.32888
2025-02-26 07:00:00,88920.18,89163.39,88399.43,88720.02,1036.33862
2025-02-26 08:00:00,88720.01,88807.8,88138.0,88484.54,1065.37357
2025-02-26 09:00:00,88484.54,89289.67,88464.0,89115.98,1242.78583
2025-02-26 10:00:00,89115.99,89314.45,88882.35,89262.66,896.12405
2025-02-26 11:00:00,89262.67,89270.0,88534.55,88616.8,971.12242
2025-02-26 12:00:00,88616.8,88674.0,87616.24,87938.81,1495.00066
2025-02-26 13:00:00,87938.81,88090.9,87031.73,87191.99,1626.13903
2025-02-26 14:00:00,87191.99,87741.33,85418.72,87621.22,6538.63785
2025-02-26 15:00:00,87621.21,88530.0,87422.0,87567.53,3566.70518
2025-02-26 16:00:00,87567.53,87806.62,86280.82,86805.99,2995.10715
2025-02-26 17:00:00,86806.0,87303.47,85687.81,86051.33,2306.12765
2025-02-26 18:00:00,86051.33,86498.0,83418.0,84258.94,7003.15035
2025-02-26 19:00:00,84258.25,85084.64,83745.88,83856.99,5331.27874
2025-02-26 20:00:00,83856.98,84620.0,82256.01,84385.89,6344.90853
2025-02-26 21:00:00,84384.34,85131.82,83464.0,84610.86,4334.71538
2025-02-26 22:00:00,84611.99,85400.0,84119.97,84433.51,2622.32191
2025-02-26 23:00:00,84433.5,84782.25,83918.38,84250.09,1205.19789
2025-02-27 00:00:00,84250.09,84808.11,84026.96,84742.39,2478.54167
2025-02-27 01:00:00,84742.38,85466.55,84324.01,84763.25,1558.86472
2025-02-27 02:00:00,84763.25,85214.25,84199.46,84295.2,1689.21881
2025-02-27 03:00:00,84295.19,85342.5,84272.91,85226.32,1178.7731
2025-02-27 04:00:00,85226.32,85369.39,84694.29,85161.93,1354.89632
2025-02-27 05:00:00,85161.93,85944.76,85057.67,85883.13,1433.68123
2025-02-27 06:00:00,85883.13,86737.0,85707.64,86265.84,1364.85224
2025-02-27 07:00:00,86265.84,86600.0,86106.26,86272.01,1336.21438
2025-02-27 08:00:00,86272.01,86447.61,85900.0,86078.47,898.27844
2025-02-27 09:00:00,86078.47,86352.51,85846.87,86169.81,1056.88458
2025-02-27 10:00:00,86169.81,87073.42,86026.38,87013.46,1227.38744
2025-02-27 11:00:00,87013.47,87078.46,86389.86,86698.6,920.03781
2025-02-27 12:00:00,86698.6,86795.9,86252.53,86330.59,997.71723
2025-02-27 13:00:00,86330.59,86769.93,85778.98,86117.57,1960.01107
2025-02-27 14:00:00,86117.57,86411.76,84951.51,84968.65,4500.81704
2025-02-27 15:00:00,84969.99,86145.52,84640.75,85500.84,4924.24541
2025-02-27 16:00:00,85500.84,85691.51,84355.04,84471.69,1998.80556
2025-02-27 17:00:00,84471.7,85039.67,84355.05,84597.0,2099.43718
2025-02-27 18:00:00,84597.0,84990.24,84516.0,84640.0,926.58937
2025-02-27 19:00:00,84640.0,84647.96,83614.75,84113.98,1733.10248
2025-02-27 20:00:00,84113.98,84164.97,82716.49,83524.98,3204.30191
2025-02-27 21:00:00,83522.02,84433.97,83223.74,84409.18,1878.95127
2025-02-27 22:00:00,84409.18,84758.63,83881.08,84716.34,994.53745
2025-02-27 23:00:00,84716.01,84927.84,84422.02,84708.58,789.30768
2025-02-28 00:00:00,84708.57,84892.85,84214.43,84258.65,919.55976
2025-02-28 01:00:00,84258.65,84405.17,81111.0,81661.55,7113.15311
2025-02-28 02:00:00,81661.55,82874.0,79532.0,80805.5,11937.38959
2025-02-28 03:00:00,80805.5,81539.25,80256.05,80452.44,4133.11073
2025-02-28 04:00:00,80452.89,80969.69,79400.0,80410.5,5207.4945
2025-02-28 05:00:00,80410.49,80547.32,79152.0,79973.79,4262.42065
2025-02-28 06:00:00,79973.79,80440.44,79034.97,79344.56,3849.39411
2025-02-28 07:00:00,79344.56,80275.72,78820.06,79204.59,4679.55925
2025-02-28 08:00:00,79204.6,79438.33,78258.52,78975.99,4691.80611
2025-02-28 09:00:00,78975.98,80729.91,78896.22,80343.11,3560.42579
2025-02-28 10:00:00,80343.11,80467.43,79544.71,80011.02,1692.08922
2025-02-28 11:00:00,80011.02,80854.46,79981.13,80513.38,2009.50205
2025-02-28 12:00:00,80512.97,80829.92,80075.47,80779.61,1874.89584
2025-02-28 13:00:00,80779.62,81764.94,80621.1,81512.42,3963.49211
2025-02-28 14:00:00,81512.42,82549.47,81072.23,82105.05,4593.23048
2025-02-28 15:00:00,82105.06,84425.89,81998.26,84005.05,5193.46468
2025-02-28 16:00:00,84005.05,84920.0,83426.0,84363.69,3435.29976
2025-02-28 17:00:00,84363.68,84400.0,83584.9,83605.12,1966.06295
2025-02-28 18:00:00,83605.11,85120.0,83196.71,84440.97,2582.5555
2025-02-28 19:00:00,84440.97,84810.35,84209.84,84449.99,1656.89446
2025-02-28 20:00:00,84450.0,84795.03,83600.0,84191.27,2215.50549
2025-02-28 21:00:00,84190.51,84596.0,84000.17,84258.37,862.30163
2025-02-28 22:00:00,84258.38,84481.14,83888.0,84149.98,650.29671
2025-02-28 23:00:00,84149.99,84548.43,84014.0,84349.94,598.13521
